Connor,Black,24,(731) 993-1288,Walac Path,Nunika,lisifmug,417441
Russell,Howell,24,(737) 230-2561,Kasfut Boulevard,Pudojen,pega,-32598
Marion,Lindsey,49,(988) 346-8514,Wecfo Avenue,Kamzepci,ado,-439627
Ian,McLaughlin,33,(984) 516-1771,Mevof Plaza,Ozulotge,fiwju,-919667
Jane,Coleman,56,(989) 585-7568,Huwa Place,Hobrijne,vani,920217
Jeffery,Webb,24,(843) 576-8705,Hufne Plaza,Vikaggiw,cirjetoni,660540
Mayme,Leonard,59,(328) 836-3332,Afmus Drive,Ezmohuv,up,563783
Howard,Clark,37,(725) 624-4330,Satrov River,Hazvuved,hafe,102813
Nicholas,Richards,30,(935) 392-6739,Wifma Drive,Radkudod,wov,986135
Danny,Patton,48,(626) 440-1116,Sevmi Turnpike,Fosgiku,focriv,289423
Hester,Phelps,46,(425) 279-1723,Opsin Avenue,Vuriricaw,rahob,-571622
Derek,Marsh,65,(372) 554-4132,Koej Path,Zejahsu,tilzehac,-798500
Jesse,Salazar,34,(553) 595-5897,Rekzo River,Puvezef,setu,-927009
Jason,Kelley,40,(782) 434-8335,Fudco Lane,Zioguuv,wihfi,783414
Derek,McGee,45,(729) 333-7075,Cobcob Highway,Ifacepas,osoawedit,135745
Sallie,Wong,58,(266) 368-4777,Zebjuc Avenue,Pofjieru,ec,-181758
Rosalie,Carter,18,(543) 494-2024,Obubi Key,Nunnuri,dacse,-957504
Gerald,Sherman,28,(909) 458-4545,Mibas Mill,Duzomaw,amu,837643
Virgie,Cross,25,(908) 600-5685,Egeboz Path,Malhotfi,sudarev,189752
Jeremiah,Williamson,57,(413) 312-5425,Ujhal Grove,Cebekob,lewhuocu,-439117
Julian,Craig,34,(585) 811-7000,Manev Point,Esposum,hacmelda,-813187
Johnny,Allen,30,(615) 627-2040,Bukgik Junction,Jajano,kep,-690742
Olga,Lopez,27,(976) 441-8896,Cegeb Highway,Dawwuhal,jonirzij,388715
Carolyn,Jenkins,40,(227) 634-2107,Jefu Loop,Pafdunupo,isahi,123556
Rose,Valdez,34,(566) 593-2798,Ijpeb Terrace,Zuzjujuc,naf,670084
Bertie,Vasquez,43,(828) 449-4282,Ugaove Place,Kovumnir,zacviw,632675
Eula,Kelley,42,(270) 791-6170,Vimfu Pike,Dizudocus,pobapge,665130
Larry,Keller,46,(424) 561-1877,Fobo Drive,Zucijuc,kouci,459811
Olive,Torres,20,(689) 538-7024,Lecvo Place,Gelheraji,jatuthi,-882987
Esther,Wright,28,(222) 299-6046,Hofida Plaza,Sawbauba,sidkejro,141956
Keith,Bowen,18,(826) 364-8543,Wome Pass,Cubdivna,adusaca,-695203
Clayton,Higgins,54,(867) 262-6318,Coze Circle,Ajwoge,hum,-853671
Devin,Wallace,37,(760) 588-4484,Pela Key,Mufzunwi,ec,-532573
Ronald,Guzman,37,(849) 412-2321,Edupi Way,Sihuzra,awebi,405724
Cecelia,Fernandez,61,(902) 434-7514,Vuuw Extension,Mickawoc,wovjiet,-540529
Phoebe,Guerrero,36,(448) 535-7128,Analos Ridge,Bowralu,foctorok,60612
Maggie,Burgess,18,(273) 295-4821,Juje Highway,Ruocecet,onsazaj,115564
Madge,Owen,61,(662) 222-5387,Umpes Extension,Zimvojop,ud,-673599
Jeffery,Santiago,30,(557) 821-1385,Gowfaj Road,Bafgekla,si,-115542
Shane,Mills,38,(356) 410-4222,Fijveh Junction,Leppidef,kibivu,239893
Paul,Potter,47,(264) 704-1281,Enwir Ridge,Lazcote,viaze,-567722
Belle,Russell,19,(584) 548-1588,Zera River,Cortozer,iptepop,-452509
Ray,Foster,20,(646) 927-6173,Faski Place,Peewwaw,bejzu,729938
Glenn,Miles,30,(314) 761-9243,Azegit Loop,Nezgufo,se,887397
Robert,Gray,65,(846) 978-2034,Geref Turnpike,Kesawjo,fuweme,409764
Jordan,Ingram,53,(972) 292-1491,Cobep Pike,Otawoazu,kos,-910282
Benjamin,Harvey,58,(407) 239-4247,Cefoc Square,Gaginife,fodiwe,-111032
Jeff,Mathis,43,(354) 665-4999,Gorok Junction,Obenaer,reb,-267189
Olive,Jennings,30,(201) 523-2799,Agpas Drive,Luzriju,jol,95805
Dustin,Atkins,56,(342) 961-3631,Owisi Key,Mikood,lome,-902887
Milton,Salazar,26,(509) 614-3204,Repe Loop,Lectekun,ajigo,554847
Ollie,Manning,24,(818) 933-3263,Noku Extension,Tentebuz,dihu,681599
Harriett,Davidson,40,(255) 752-6569,Fenlac Point,Bevlotu,rake,-642557
Chris,Casey,53,(709) 580-1682,Leame Lane,Gechuec,zuw,638319
Elizabeth,Holloway,60,(503) 374-6149,Bogwo Extension,Koseadu,ew,853289
Bruce,Ball,57,(826) 424-6059,Ubelu Drive,Nitufum,daju,-149909
Amelia,Bryant,50,(989) 754-8283,Onbug Circle,Mocuvlo,mulin,449852
Jennie,Chandler,21,(352) 278-7090,Zapu Avenue,Tewohi,wazaw,209002
Emily,Hopkins,20,(266) 951-8976,Pucziv View,Fevicsi,sefiov,477544
Myrtle,Reynolds,35,(804) 827-9384,Guvot Pike,Lebhewzoc,caglobef,-900997
Ernest,Butler,34,(288) 713-4975,Rulas Road,Cetewpa,epefog,-248493
Bradley,Ferguson,39,(868) 772-9511,Zinna Parkway,Ruecli,vupkeide,-649212
Sallie,Sims,57,(765) 842-2060,Fopfod Loop,Cekocawor,jibo,596823
Teresa,Love,61,(723) 786-1071,Werzuw Pike,Zefigfu,bemoteh,-594030
Olga,Price,30,(337) 609-6512,Feka Trail,Keumudes,heraw,-21726
Harriet,Guerrero,42,(222) 989-7822,Laklek Trail,Fefsekwek,zevnihe,433796
Nettie,Stevenson,53,(884) 714-2271,Mebvi Manor,Izifote,tuigohu,31490
Hulda,Bowen,53,(942) 552-1120,Votjo Manor,Tuluic,ma,237302
Effie,Doyle,65,(383) 797-6159,Kusbum Drive,Vuvopkah,iz,249174
Martin,Harrington,25,(316) 255-7264,Uzuva Way,Nugive,lidafdep,986624
Tyler,Douglas,39,(226) 469-2813,Upedis Glen,Ziphiufu,fevajeh,802836
Maude,Ingram,61,(446) 952-9380,Vudva Point,Heonha,neferu,-538369
Janie,Matthews,44,(960) 754-4270,Curin Junction,Ucwugik,hul,-572110
Jordan,King,28,(341) 845-6217,Gupune Plaza,Ahanmo,borgeasu,804200
Gertrude,Singleton,24,(613) 892-2092,Wutik Grove,Fogvujsa,etalevun,-975647
Zachary,Barker,29,(875) 404-4603,Esavu Path,Donvuhtoc,viifolo,-161851
Ellen,Clarke,38,(687) 312-1573,Oviva Trail,Ojowudo,agzep,-378033
Clayton,Yates,31,(657) 355-6919,Vejbu Heights,Caujge,ahesoz,201999
Jayden,Cole,51,(652) 711-3958,Kehe Street,Reecnu,volninak,788176
Agnes,Horton,33,(404) 932-2425,Lafe Plaza,Mukifi,tohaw,-682207
Kathryn,Gonzales,61,(458) 851-7646,Ezli Pass,Duivocu,rozguoze,151045
Estelle,Clayton,61,(825) 470-7399,Tepzaz Glen,Ginvipgan,lar,553935
Victoria,Casey,55,(639) 705-5661,Jaunu Place,Zibtejet,ifefopi,782724
Callie,Thornton,56,(535) 688-3461,Miat Heights,Wewdospel,zuvad,-142075
Floyd,McCormick,50,(564) 344-6614,Huher Trail,Fadarje,feseija,739757
Lloyd,Henderson,46,(756) 927-9721,Mucel Highway,Ugjucap,vonlukdoz,-810025
Justin,Ramos,42,(341) 920-5507,Ehgec Street,Pagilo,sir,531739
Elsie,Scott,19,(936) 386-5658,Fosmes Court,Afogafrok,duktu,300129
Alberta,Lambert,63,(928) 917-4109,Oguca Court,Kobnerok,burapa,422183
Barry,Pratt,33,(309) 802-5096,Jujjer Lane,Guhiaj,ocsono,-417115
Dustin,Guerrero,30,(514) 821-3262,Lowot Highway,Ecanitebe,zejnuge,-669192
Jeanette,Silva,21,(974) 755-6436,Kone Place,Kownuhsi,romanuv,717576
Leona,Malone,56,(516) 932-5784,Moabo Road,Dumauzo,iraful,975017
Earl,Clarke,65,(715) 832-1590,Kozu Center,Dahigu,umibukka,-656051
Lura,Owen,45,(504) 962-8304,Cantu Turnpike,Micnecel,zef,-151647
Melvin,Stone,21,(335) 954-8638,Uzvoh Square,Wajzesuh,duenike,-915403
Paul,Berry,26,(347) 797-4142,Luvub Key,Zacgovjav,indib,-612018
Brandon,Mathis,61,(320) 261-1777,Raewa Place,Civupe,da,16658
Lottie,Tate,24,(204) 555-4579,Puap Point,Hukojac,va,-516466
Francis,May,50,(848) 525-6604,Ticgez Point,Pomwawjat,safu,-610862
